{"frames": {

"ball/ball_0.png":
{
	"frame": {"x":88,"y":158,"w":40,"h":40},
	"rotated": false,
	"trimmed": false,
	"spriteSourceSize": {"x":0,"y":0,"w":40,"h":40},
	"sourceSize": {"w":40,"h":40}
},
"ball/ball_1.png":
{
	"frame": {"x":130,"y":158,"w":40,"h":40},
	"rotated": false,
	"trimmed": false,
	"spriteSourceSize": {"x":0,"y":0,"w":40,"h":40},
	"sourceSize": {"w":40,"h":40}
},
"ball/ball_2.png":
{
	"frame": {"x":172,"y":158,"w":40,"h":40},
	"rotated": false,
	"trimmed": false,
	"spriteSourceSize": {"x":0,"y":0,"w":40,"h":40},
	"sourceSize": {"w":40,"h":40}
},
"ball/ball_3.png":
{
	"frame": {"x":214,"y":158,"w":40,"h":40},
	"rotated": false,
	"trimmed": false,
	"spriteSourceSize": {"x":0,"y":0,"w":40,"h":40},
	"sourceSize": {"w":40,"h":40}
},
"ball/ball_4.png":
{
	"frame": {"x":256,"y":158,"w":40,"h":40},
	"rotated": false,
	"trimmed": false,
	"spriteSourceSize": {"x":0,"y":0,"w":40,"h":40},
	"sourceSize": {"w":40,"h":40}
},
"ball/ball_hyper.png":
{
	"frame": {"x":298,"y":158,"w":40,"h":40},
	"rotated": false,
	"trimmed": false,
	"spriteSourceSize": {"x":0,"y":0,"w":40,"h":40},
	"sourceSize": {"w":40,"h":40}
},
"ball/ball_punch.png":
{
	"frame": {"x":340,"y":158,"w":40,"h":40},
	"rotated": false,
	"trimmed": false,
	"spriteSourceSize": {"x":0,"y":0,"w":40,"h":40},
	"sourceSize": {"w":40,"h":40}
},
"ball/ball_trail.png":
{
	"frame": {"x":382,"y":158,"w":40,"h":40},
	"rotated": false,
	"trimmed": false,
	"spriteSourceSize": {"x":0,"y":0,"w":40,"h":40},
	"sourceSize": {"w":40,"h":40}
},
"messages/common/game_end.png":
{
	"frame": {"x":124,"y":64,"w":96,"h":24},
	"rotated": false,
	"trimmed": false,
	"spriteSourceSize": {"x":0,"y":0,"w":96,"h":24},
	"sourceSize": {"w":96,"h":24}
},
"messages/common/ready.png":
{
	"frame": {"x":222,"y":64,"w":80,"h":24},
	"rotated": false,
	"trimmed": false,
	"spriteSourceSize": {"x":0,"y":0,"w":80,"h":24},
	"sourceSize": {"w":80,"h":24}
},
"messages/common/sachisoft.png":
{
	"frame": {"x":2,"y":20,"w":360,"h":20},
	"rotated": false,
	"trimmed": false,
	"spriteSourceSize": {"x":0,"y":0,"w":360,"h":20},
	"sourceSize": {"w":360,"h":20}
},
"messages/ja/fight.png":
{
	"frame": {"x":92,"y":723,"w":160,"h":160},
	"rotated": false,
	"trimmed": false,
	"spriteSourceSize": {"x":0,"y":0,"w":160,"h":160},
	"sourceSize": {"w":160,"h":160}
},
"messages/ja/game_start.png":
{
	"frame": {"x":304,"y":64,"w":96,"h":24},
	"rotated": false,
	"trimmed": false,
	"spriteSourceSize": {"x":0,"y":0,"w":96,"h":24},
	"sourceSize": {"w":96,"h":24}
},
"messages/ja/mark.png":
{
	"frame": {"x":386,"y":611,"w":88,"h":110},
	"rotated": false,
	"trimmed": false,
	"spriteSourceSize": {"x":0,"y":0,"w":88,"h":110},
	"sourceSize": {"w":88,"h":110}
},
"messages/ja/pikachu_volleyball.png":
{
	"frame": {"x":2,"y":530,"w":276,"h":79},
	"rotated": false,
	"trimmed": false,
	"spriteSourceSize": {"x":0,"y":0,"w":276,"h":79},
	"sourceSize": {"w":276,"h":79}
},
"messages/ja/pokemon.png":
{
	"frame": {"x":150,"y":90,"w":200,"h":32},
	"rotated": false,
	"trimmed": false,
	"spriteSourceSize": {"x":0,"y":0,"w":200,"h":32},
	"sourceSize": {"w":200,"h":32}
},
"messages/ja/with_computer.png":
{
	"frame": {"x":2,"y":42,"w":120,"h":20},
	"rotated": false,
	"trimmed": false,
	"spriteSourceSize": {"x":0,"y":0,"w":120,"h":20},
	"sourceSize": {"w":120,"h":20}
},
"messages/ja/with_friend.png":
{
	"frame": {"x":124,"y":42,"w":120,"h":20},
	"rotated": false,
	"trimmed": false,
	"spriteSourceSize": {"x":0,"y":0,"w":120,"h":20},
	"sourceSize": {"w":120,"h":20}
},
"messages/ko/fight.png":
{
	"frame": {"x":254,"y":723,"w":160,"h":160},
	"rotated": false,
	"trimmed": false,
	"spriteSourceSize": {"x":0,"y":0,"w":160,"h":160},
	"sourceSize": {"w":160,"h":160}
},
"messages/ko/game_start.png":
{
	"frame": {"x":2,"y":90,"w":96,"h":24},
	"rotated": false,
	"trimmed": false,
	"spriteSourceSize": {"x":0,"y":0,"w":96,"h":24},
	"sourceSize": {"w":96,"h":24}
},
"messages/ko/mark.png":
{
	"frame": {"x":2,"y":723,"w":88,"h":110},
	"rotated": false,
	"trimmed": false,
	"spriteSourceSize": {"x":0,"y":0,"w":88,"h":110},
	"sourceSize": {"w":88,"h":110}
},
"messages/ko/pikachu_volleyball.png":
{
	"frame": {"x":2,"y":611,"w":276,"h":79},
	"rotated": false,
	"trimmed": false,
	"spriteSourceSize": {"x":0,"y":0,"w":276,"h":79},
	"sourceSize": {"w":276,"h":79}
},
"messages/ko/pokemon.png":
{
	"frame": {"x":2,"y":124,"w":200,"h":32},
	"rotated": false,
	"trimmed": false,
	"spriteSourceSize": {"x":0,"y":0,"w":200,"h":32},
	"sourceSize": {"w":200,"h":32}
},
"messages/ko/with_computer.png":
{
	"frame": {"x":246,"y":42,"w":120,"h":20},
	"rotated": false,
	"trimmed": false,
	"spriteSourceSize": {"x":0,"y":0,"w":120,"h":20},
	"sourceSize": {"w":120,"h":20}
},
"messages/ko/with_friend.png":
{
	"frame": {"x":2,"y":64,"w":120,"h":20},
	"rotated": false,
	"trimmed": false,
	"spriteSourceSize": {"x":0,"y":0,"w":120,"h":20},
	"sourceSize": {"w":120,"h":20}
},
"number/number_0.png":
{
	"frame": {"x":204,"y":124,"w":32,"h":32},
	"rotated": false,
	"trimmed": false,
	"spriteSourceSize": {"x":0,"y":0,"w":32,"h":32},
	"sourceSize": {"w":32,"h":32}
},
"number/number_1.png":
{
	"frame": {"x":238,"y":124,"w":32,"h":32},
	"rotated": false,
	"trimmed": false,
	"spriteSourceSize": {"x":0,"y":0,"w":32,"h":32},
	"sourceSize": {"w":32,"h":32}
},
"number/number_2.png":
{
	"frame": {"x":272,"y":124,"w":32,"h":32},
	"rotated": false,
	"trimmed": false,
	"spriteSourceSize": {"x":0,"y":0,"w":32,"h":32},
	"sourceSize": {"w":32,"h":32}
},
"number/number_3.png":
{
	"frame": {"x":306,"y":124,"w":32,"h":32},
	"rotated": false,
	"trimmed": false,
	"spriteSourceSize": {"x":0,"y":0,"w":32,"h":32},
	"sourceSize": {"w":32,"h":32}
},
"number/number_4.png":
{
	"frame": {"x":340,"y":124,"w":32,"h":32},
	"rotated": false,
	"trimmed": false,
	"spriteSourceSize": {"x":0,"y":0,"w":32,"h":32},
	"sourceSize": {"w":32,"h":32}
},
"number/number_5.png":
{
	"frame": {"x":374,"y":124,"w":32,"h":32},
	"rotated": false,
	"trimmed": false,
	"spriteSourceSize": {"x":0,"y":0,"w":32,"h":32},
	"sourceSize": {"w":32,"h":32}
},
"number/number_6.png":
{
	"frame": {"x":408,"y":124,"w":32,"h":32},
	"rotated": false,
	"trimmed": false,
	"spriteSourceSize": {"x":0,"y":0,"w":32,"h":32},
	"sourceSize": {"w":32,"h":32}
},
"number/number_7.png":
{
	"frame": {"x":442,"y":124,"w":32,"h":32},
	"rotated": false,
	"trimmed": false,
	"spriteSourceSize": {"x":0,"y":0,"w":32,"h":32},
	"sourceSize": {"w":32,"h":32}
},
"number/number_8.png":
{
	"frame": {"x":2,"y":158,"w":32,"h":32},
	"rotated": false,
	"trimmed": false,
	"spriteSourceSize": {"x":0,"y":0,"w":32,"h":32},
	"sourceSize": {"w":32,"h":32}
},
"number/number_9.png":
{
	"frame": {"x":36,"y":158,"w":32,"h":32},
	"rotated": false,
	"trimmed": false,
	"spriteSourceSize": {"x":0,"y":0,"w":32,"h":32},
	"sourceSize": {"w":32,"h":32}
},
"objects/black.png":
{
	"frame": {"x":2,"y":2,"w":8,"h":8},
	"rotated": false,
	"trimmed": false,
	"spriteSourceSize": {"x":0,"y":0,"w":8,"h":8},
	"sourceSize": {"w":8,"h":8}
},
"objects/cloud.png":
{
	"frame": {"x":100,"y":90,"w":48,"h":24},
	"rotated": false,
	"trimmed": false,
	"spriteSourceSize": {"x":0,"y":0,"w":48,"h":24},
	"sourceSize": {"w":48,"h":24}
},
"objects/ground_line.png":
{
	"frame": {"x":66,"y":2,"w":16,"h":16},
	"rotated": false,
	"trimmed": false,
	"spriteSourceSize": {"x":0,"y":0,"w":16,"h":16},
	"sourceSize": {"w":16,"h":16}
},
"objects/ground_line_leftmost.png":
{
	"frame": {"x":84,"y":2,"w":16,"h":16},
	"rotated": false,
	"trimmed": false,
	"spriteSourceSize": {"x":0,"y":0,"w":16,"h":16},
	"sourceSize": {"w":16,"h":16}
},
"objects/ground_line_rightmost.png":
{
	"frame": {"x":102,"y":2,"w":16,"h":16},
	"rotated": false,
	"trimmed": false,
	"spriteSourceSize": {"x":0,"y":0,"w":16,"h":16},
	"sourceSize": {"w":16,"h":16}
},
"objects/ground_red.png":
{
	"frame": {"x":120,"y":2,"w":16,"h":16},
	"rotated": false,
	"trimmed": false,
	"spriteSourceSize": {"x":0,"y":0,"w":16,"h":16},
	"sourceSize": {"w":16,"h":16}
},
"objects/ground_yellow.png":
{
	"frame": {"x":138,"y":2,"w":16,"h":16},
	"rotated": false,
	"trimmed": false,
	"spriteSourceSize": {"x":0,"y":0,"w":16,"h":16},
	"sourceSize": {"w":16,"h":16}
},
"objects/mountain.png":
{
	"frame": {"x":2,"y":200,"w":432,"h":64},
	"rotated": false,
	"trimmed": false,
	"spriteSourceSize": {"x":0,"y":0,"w":432,"h":64},
	"sourceSize": {"w":432,"h":64}
},
"objects/net_pillar.png":
{
	"frame": {"x":12,"y":2,"w":8,"h":8},
	"rotated": false,
	"trimmed": false,
	"spriteSourceSize": {"x":0,"y":0,"w":8,"h":8},
	"sourceSize": {"w":8,"h":8}
},
"objects/net_pillar_top.png":
{
	"frame": {"x":22,"y":2,"w":8,"h":8},
	"rotated": false,
	"trimmed": false,
	"spriteSourceSize": {"x":0,"y":0,"w":8,"h":8},
	"sourceSize": {"w":8,"h":8}
},
"objects/shadow.png":
{
	"frame": {"x":32,"y":2,"w":32,"h":8},
	"rotated": false,
	"trimmed": false,
	"spriteSourceSize": {"x":0,"y":0,"w":32,"h":8},
	"sourceSize": {"w":32,"h":8}
},
"objects/sky_blue.png":
{
	"frame": {"x":156,"y":2,"w":16,"h":16},
	"rotated": false,
	"trimmed": false,
	"spriteSourceSize": {"x":0,"y":0,"w":16,"h":16},
	"sourceSize": {"w":16,"h":16}
},
"objects/wave.png":
{
	"frame": {"x":70,"y":158,"w":16,"h":32},
	"rotated": false,
	"trimmed": false,
	"spriteSourceSize": {"x":0,"y":0,"w":16,"h":32},
	"sourceSize": {"w":16,"h":32}
},
"pikachu/pikachu_0_0.png":
{
	"frame": {"x":2,"y":266,"w":64,"h":64},
	"rotated": false,
	"trimmed": false,
	"spriteSourceSize": {"x":0,"y":0,"w":64,"h":64},
	"sourceSize": {"w":64,"h":64}
},
"pikachu/pikachu_0_1.png":
{
	"frame": {"x":68,"y":266,"w":64,"h":64},
	"rotated": false,
	"trimmed": false,
	"spriteSourceSize": {"x":0,"y":0,"w":64,"h":64},
	"sourceSize": {"w":64,"h":64}
},
"pikachu/pikachu_0_2.png":
{
	"frame": {"x":134,"y":266,"w":64,"h":64},
	"rotated": false,
	"trimmed": false,
	"spriteSourceSize": {"x":0,"y":0,"w":64,"h":64},
	"sourceSize": {"w":64,"h":64}
},
"pikachu/pikachu_0_3.png":
{
	"frame": {"x":200,"y":266,"w":64,"h":64},
	"rotated": false,
	"trimmed": false,
	"spriteSourceSize": {"x":0,"y":0,"w":64,"h":64},
	"sourceSize": {"w":64,"h":64}
},
"pikachu/pikachu_0_4.png":
{
	"frame": {"x":266,"y":266,"w":64,"h":64},
	"rotated": false,
	"trimmed": false,
	"spriteSourceSize": {"x":0,"y":0,"w":64,"h":64},
	"sourceSize": {"w":64,"h":64}
},
"pikachu/pikachu_1_0.png":
{
	"frame": {"x":332,"y":266,"w":64,"h":64},
	"rotated": false,
	"trimmed": false,
	"spriteSourceSize": {"x":0,"y":0,"w":64,"h":64},
	"sourceSize": {"w":64,"h":64}
},
"pikachu/pikachu_1_1.png":
{
	"frame": {"x":398,"y":266,"w":64,"h":64},
	"rotated": false,
	"trimmed": false,
	"spriteSourceSize": {"x":0,"y":0,"w":64,"h":64},
	"sourceSize": {"w":64,"h":64}
},
"pikachu/pikachu_1_2.png":
{
	"frame": {"x":2,"y":332,"w":64,"h":64},
	"rotated": false,
	"trimmed": false,
	"spriteSourceSize": {"x":0,"y":0,"w":64,"h":64},
	"sourceSize": {"w":64,"h":64}
},
"pikachu/pikachu_1_3.png":
{
	"frame": {"x":68,"y":332,"w":64,"h":64},
	"rotated": false,
	"trimmed": false,
	"spriteSourceSize": {"x":0,"y":0,"w":64,"h":64},
	"sourceSize": {"w":64,"h":64}
},
"pikachu/pikachu_1_4.png":
{
	"frame": {"x":134,"y":332,"w":64,"h":64},
	"rotated": false,
	"trimmed": false,
	"spriteSourceSize": {"x":0,"y":0,"w":64,"h":64},
	"sourceSize": {"w":64,"h":64}
},
"pikachu/pikachu_2_0.png":
{
	"frame": {"x":200,"y":332,"w":64,"h":64},
	"rotated": false,
	"trimmed": false,
	"spriteSourceSize": {"x":0,"y":0,"w":64,"h":64},
	"sourceSize": {"w":64,"h":64}
},
"pikachu/pikachu_2_1.png":
{
	"frame": {"x":266,"y":332,"w":64,"h":64},
	"rotated": false,
	"trimmed": false,
	"spriteSourceSize": {"x":0,"y":0,"w":64,"h":64},
	"sourceSize": {"w":64,"h":64}
},
"pikachu/pikachu_2_2.png":
{
	"frame": {"x":332,"y":332,"w":64,"h":64},
	"rotated": false,
	"trimmed": false,
	"spriteSourceSize": {"x":0,"y":0,"w":64,"h":64},
	"sourceSize": {"w":64,"h":64}
},
"pikachu/pikachu_2_3.png":
{
	"frame": {"x":398,"y":332,"w":64,"h":64},
	"rotated": false,
	"trimmed": false,
	"spriteSourceSize": {"x":0,"y":0,"w":64,"h":64},
	"sourceSize": {"w":64,"h":64}
},
"pikachu/pikachu_2_4.png":
{
	"frame": {"x":2,"y":398,"w":64,"h":64},
	"rotated": false,
	"trimmed": false,
	"spriteSourceSize": {"x":0,"y":0,"w":64,"h":64},
	"sourceSize": {"w":64,"h":64}
},
"pikachu/pikachu_3_0.png":
{
	"frame": {"x":68,"y":398,"w":64,"h":64},
	"rotated": false,
	"trimmed": false,
	"spriteSourceSize": {"x":0,"y":0,"w":64,"h":64},
	"sourceSize": {"w":64,"h":64}
},
"pikachu/pikachu_3_1.png":
{
	"frame": {"x":134,"y":398,"w":64,"h":64},
	"rotated": false,
	"trimmed": false,
	"spriteSourceSize": {"x":0,"y":0,"w":64,"h":64},
	"sourceSize": {"w":64,"h":64}
},
"pikachu/pikachu_4_0.png":
{
	"frame": {"x":200,"y":398,"w":64,"h":64},
	"rotated": false,
	"trimmed": false,
	"spriteSourceSize": {"x":0,"y":0,"w":64,"h":64},
	"sourceSize": {"w":64,"h":64}
},
"pikachu/pikachu_5_0.png":
{
	"frame": {"x":266,"y":398,"w":64,"h":64},
	"rotated": false,
	"trimmed": false,
	"spriteSourceSize": {"x":0,"y":0,"w":64,"h":64},
	"sourceSize": {"w":64,"h":64}
},
"pikachu/pikachu_5_1.png":
{
	"frame": {"x":332,"y":398,"w":64,"h":64},
	"rotated": false,
	"trimmed": false,
	"spriteSourceSize": {"x":0,"y":0,"w":64,"h":64},
	"sourceSize": {"w":64,"h":64}
},
"pikachu/pikachu_5_2.png":
{
	"frame": {"x":398,"y":398,"w":64,"h":64},
	"rotated": false,
	"trimmed": false,
	"spriteSourceSize": {"x":0,"y":0,"w":64,"h":64},
	"sourceSize": {"w":64,"h":64}
},
"pikachu/pikachu_5_3.png":
{
	"frame": {"x":2,"y":464,"w":64,"h":64},
	"rotated": false,
	"trimmed": false,
	"spriteSourceSize": {"x":0,"y":0,"w":64,"h":64},
	"sourceSize": {"w":64,"h":64}
},
"pikachu/pikachu_5_4.png":
{
	"frame": {"x":68,"y":464,"w":64,"h":64},
	"rotated": false,
	"trimmed": false,
	"spriteSourceSize": {"x":0,"y":0,"w":64,"h":64},
	"sourceSize": {"w":64,"h":64}
},
"pikachu/pikachu_6_0.png":
{
	"frame": {"x":134,"y":464,"w":64,"h":64},
	"rotated": false,
	"trimmed": false,
	"spriteSourceSize": {"x":0,"y":0,"w":64,"h":64},
	"sourceSize": {"w":64,"h":64}
},
"pikachu/pikachu_6_1.png":
{
	"frame": {"x":200,"y":464,"w":64,"h":64},
	"rotated": false,
	"trimmed": false,
	"spriteSourceSize": {"x":0,"y":0,"w":64,"h":64},
	"sourceSize": {"w":64,"h":64}
},
"pikachu/pikachu_6_2.png":
{
	"frame": {"x":266,"y":464,"w":64,"h":64},
	"rotated": false,
	"trimmed": false,
	"spriteSourceSize": {"x":0,"y":0,"w":64,"h":64},
	"sourceSize": {"w":64,"h":64}
},
"pikachu/pikachu_6_3.png":
{
	"frame": {"x":332,"y":464,"w":64,"h":64},
	"rotated": false,
	"trimmed": false,
	"spriteSourceSize": {"x":0,"y":0,"w":64,"h":64},
	"sourceSize": {"w":64,"h":64}
},
"pikachu/pikachu_6_4.png":
{
	"frame": {"x":398,"y":464,"w":64,"h":64},
	"rotated": false,
	"trimmed": false,
	"spriteSourceSize": {"x":0,"y":0,"w":64,"h":64},
	"sourceSize": {"w":64,"h":64}
},
"sitting_pikachu.png":
{
	"frame": {"x":280,"y":611,"w":104,"h":104},
	"rotated": false,
	"trimmed": false,
	"spriteSourceSize": {"x":0,"y":0,"w":104,"h":104},
	"sourceSize": {"w":104,"h":104}
}},
"animations": {
	"ball/ball": ["ball/ball_0.png","ball/ball_1.png","ball/ball_2.png","ball/ball_3.png","ball/ball_4.png"],
	"number/number": ["number/number_0.png","number/number_1.png","number/number_2.png","number/number_3.png","number/number_4.png","number/number_5.png","number/number_6.png","number/number_7.png","number/number_8.png","number/number_9.png"],
	"pikachu/pikachu_0": ["pikachu/pikachu_0_0.png","pikachu/pikachu_0_1.png","pikachu/pikachu_0_2.png","pikachu/pikachu_0_3.png","pikachu/pikachu_0_4.png"],
	"pikachu/pikachu_1": ["pikachu/pikachu_1_0.png","pikachu/pikachu_1_1.png","pikachu/pikachu_1_2.png","pikachu/pikachu_1_3.png","pikachu/pikachu_1_4.png"],
	"pikachu/pikachu_2": ["pikachu/pikachu_2_0.png","pikachu/pikachu_2_1.png","pikachu/pikachu_2_2.png","pikachu/pikachu_2_3.png","pikachu/pikachu_2_4.png"],
	"pikachu/pikachu_3": ["pikachu/pikachu_3_0.png","pikachu/pikachu_3_1.png"],
	"pikachu/pikachu_5": ["pikachu/pikachu_5_0.png","pikachu/pikachu_5_1.png","pikachu/pikachu_5_2.png","pikachu/pikachu_5_3.png","pikachu/pikachu_5_4.png"],
	"pikachu/pikachu_6": ["pikachu/pikachu_6_0.png","pikachu/pikachu_6_1.png","pikachu/pikachu_6_2.png","pikachu/pikachu_6_3.png","pikachu/pikachu_6_4.png"]
},
"meta": {
	"app": "https://www.codeandweb.com/texturepacker",
	"version": "1.0",
	"image": "sprite_sheet.png",
	"format": "RGBA8888",
	"size": {"w":476,"h":885},
	"scale": "1",
	"smartupdate": "$TexturePacker:SmartUpdate:37eaeab36e11c29cadb9c763d77ccd63:4ee02ff09c4e34c8aca11301db3f8fd1:6cc8953523e0367402f95f3c9a630665$"
}
}
